{
  "dataset_version": "anime_user_watches_v1",
  "evaluated_users": 1000,
  "evaluation_target": "validation",
  "metrics": {
    "hit_rate@10": 0.36,
    "map@10": 0.01808885015117158,
    "ndcg@10": 0.03393919498105038,
    "precision@10": 0.047700000000000006,
    "recall@10": 0.04020458781189794,
    "recall@20": 0.07686967136400003
  },
  "model_name": "cinesense_single_seed_max_reranked_b",
  "split": {
    "test_ratio": 0.1,
    "train_ratio": 0.8,
    "val_ratio": 0.1
  },
  "split_seed": 42,
  "timestamp": "2026-06-01T09:24:24.395490+00:00"
}