{
  "dataset_version": "anime_user_watches_v1",
  "evaluated_users": 1000,
  "evaluation_target": "validation",
  "metrics": {
    "hit_rate@10": 0.484,
    "map@10": 0.02681599048878811,
    "ndcg@10": 0.0554679844587866,
    "precision@10": 0.0658,
    "recall@10": 0.05576795964014083,
    "recall@20": 0.09886067078341693
  },
  "model_name": "cinesense_hybrid_lite_b",
  "split": {
    "test_ratio": 0.1,
    "train_ratio": 0.8,
    "val_ratio": 0.1
  },
  "split_seed": 42,
  "timestamp": "2026-06-01T12:12:08.233701+00:00"
}